Profession,Level,Item,Ingredient 1,Quantity 1,Ingredient 2,Quantity 2,Ingredient 3,Quantity 3,Ingredient 4,Quantity 4
Alchemy,1,Stilled Water,Well Water,2,,,,,,
Alchemy,3,Bone Glue,Animal Bone ,2,Animal Hide,1,,,,
Alchemy,4,Pauper's Ink,Soot,1,Stilled Water,1,Bone Glue,1,,
Alchemy,6,Potion of Minor Healing,Nettle,1,Stilled Water,1,,,,
Alchemy,9,Weak Poison Phial,Toadstool,1,Stilled Water,1,,,,
Alchemy,10,Workman's Balm,Nettle,3,,,,,,
Alchemy,11,Lesser Potion of Reflexes,Rhubarb,1,Stilled Water,1,,,,
Alchemy,12,Lesser Fortification Potion,Animal Bone ,1,Stilled Water,1,,,,
Alchemy,13,Lesser Tidespan Potion,Maple Sap,1,Stilled Water,1,,,,
Alchemy,14,Potion of Lesser Healing,Aegwyrt,1,Stilled Water,1,,,,
Alchemy,15,Lesser Potion of Accuracy,Beast Blood,1,Stilled Water,1,,,,
Alchemy,16,Lesser Potion of Force,Beast Fang,1,Stilled Water,1,,,,
Alchemy,18,Adept's Tea,Sword Coast Tea Leaves,3,Stilled Water,3,,,,
Alchemy,19,Linseed Oil,Flax,2,,,,,,
Alchemy,22,Antler Glue,Deer Antler,2,Deer Skin,1,,,,
Alchemy,24,Poison Phial,Nightshade,1,Stilled Water,1,Beast Blood,1,,
Alchemy,25,Paralyzing Phial,Tarantula,1,Stilled Water,1,Beast Blood,1,,
Alchemy,26,Sleeping Phial,Nerium,1,Stilled Water,1,Beast Blood,1,,
Alchemy,28,Workman's Poultice,Aegwyrt,3,Nettle,3,Linen Cloth,3,,
Alchemy,30,Potion of Healing,Sweetgale,1,Stilled Water,1,,,,
Alchemy,31,Adept's Smelling Salts,Deer Antler,6,Stilled Water,3,,,,
Alchemy,33,Tidespan Potion,Maple Sap,1,Linseed Oil,1,Rock Salt,1,,
Alchemy,34,Potion of Reflexes,Rhubarb,1,Linseed Oil,1,Rock Salt,1,,
Alchemy,35,Potion of Accuracy,Beast Blood,1,Linseed Oil,1,Rock Salt,1,,
Alchemy,36,Potion of Force,Beast Fang,1,Linseed Oil,1,Rock Salt,1,,
Alchemy,37,Fortification Potion,Animal Bone ,1,Linseed Oil,1,Rock Salt,1,,
Alchemy,39,Fish Glue,Fish Bones,3,,,,,,
Alchemy,41,Honey,Beehive Chip,1,,,,,,
Alchemy,42,Potion of Greater Healing,Bearberry,1,Stilled Water,1,Honey,1,,
Alchemy,44,Beeswax,Beehive Chip,3,,,,,,
Alchemy,45,Quicksilver,Cinnabar,3,,,,,,
Alchemy,47,Strong Poison Phial,Wolfsbane,1,Quicksilver,1,Stilled Water,1,,
Alchemy,48,Strong Paralyzing Phial,Adder,1,Quicksilver,1,Stilled Water,1,,
Alchemy,49,Strong Sleeping Phial,Demon's Trumpet,1,Quicksilver,1,Stilled Water,1,,
Alchemy,51,Potion of Major Healing,Pennyroyal,1,Stilled Water,1,Honey,1,,
Alchemy,52,Workman's Anodyne,Deva's Trumpet,3,Sugar Beet,3,Honey,3,,
Alchemy,53,Adept's Herbal Tea,Chamomile,3,Honey,3,Stilled Water,3,,
Alchemy,54,Fish Oil,River Trout,3,,,,,,
Alchemy,56,Major Potion of Force,Beast Horn,1,Fish Oil,1,Rock Salt,1,,
Alchemy,57,Major Tidespan Potion,Sugar Beet,1,Fish Oil,1,Rock Salt,1,,
Alchemy,58,Major Fortification Potion,Aberrant Bone,1,Fish Oil,1,Rock Salt,1,,
Alchemy,59,Major Potion of Reflexes,Chamomile,1,Fish Oil,1,Rock Salt,1,,
Alchemy,60,Major Potion of Accuracy,Aberrant Blood,1,Fish Oil,1,Rock Salt,1,,
Alchemy,61,Potion of Superior Healing,Deva's Trumpet,1,Spring Water,1,Honey,1,,
Alchemy,63,Horn Glue,Beast Horn,2,Aberrant Hide,1,,,,
Alchemy,65,Potion of Grand Healing,Woodlily,1,Spring Water,1,Honey,1,,
Alchemy,67,Potent Paralyzing Phial,Brown Scorpion,1,Adder,1,Quicksilver,1,,
Alchemy,67,Potent Poison Phial,Death Cap,1,Toadstool,1,Quicksilver,1,,
Alchemy,67,Potent Sleeping Phial,Belladona,1,Nightshade,1,Quicksilver,1,,
Alchemy,68,Black Ink,Iron Sand,1,Linseed Oil,1,Fish Glue,1,,
Alchemy,68,Myrrh,Myrrh Branch,3,,,,,,
Alchemy,69,Potion of Exalted Healing,Myrrh,1,Spring Water,1,Honey,1,,
Alchemy,70,Enhanced Superior Fortification Potion,Aberrant Bone,1,Wild Mint,1,Fish Oil,1,Volcanic Salt,1
Alchemy,70,Enhanced Superior Potion of Accuracy,Aberrant Blood,1,Wild Mint,1,Fish Oil,1,Volcanic Salt,1
Alchemy,70,Enhanced Superior Potion of Force,Beast Horn,1,Wild Mint,1,Fish Oil,1,Volcanic Salt,1
Alchemy,70,Enhanced Superior Potion of Reflexes,Chamomile,1,Wild Mint,1,Fish Oil,1,Volcanic Salt,1
Alchemy,70,Enhanced Superior Tidespan Potion,Sugar Beet,1,Wild Mint,1,Fish Oil,1,Volcanic Salt,1
Alchemy,70,Adept's Electuary,Wild Mint,6,Honey,3,Spring Water,3,,
Alchemy,70,Workman's Cordial,Deva's Trumpet,3,Sweetgale,3,Gold Sand,3,Spring Water,3
Alchemy,70,Crate of Transmuted Gold,Raw Gold Ingot,3,Aureus Index,1,,,,
Armorsmithing,1,Bronze Ingot,Copper Ore,2,Tin Ore,1,,,,
Armorsmithing,2,Bronze Plate,Bronze Ingot,2,,,,,,
Armorsmithing,3,Bronze Bracers,Bronze Plate,1,Bronze Ingot,1,,,,
Armorsmithing,4,Bronze Round Shield,Bronze Plate,2,Maple Lumber,1,,,,
Armorsmithing,5,Bronze Helm,Bronze Plate,2,,,,,,
Armorsmithing,6,Bronze Rings,Bronze Ingot,1,,,,,,
Armorsmithing,7,Bronze Chainmail,Bronze Rings,2,Cotton Cloth,1,,,,
Armorsmithing,8,Bronze Chausses,Bronze Rings,2,Leather,1,,,,
Armorsmithing,9,Bronze Alembic,Bronze Plate,2,Copper Ingot,1,,,,
Armorsmithing,10,Bronze Hauberk,Bronze Rings,2,Leather,1,Cotton Cloth,1,,
Armorsmithing,11,Brassplated Round Shield,Brass Ingot,1,Bronze Round Shield,1,,,,
Armorsmithing,12,Bronze Greaves,Bronze Rings,1,Copper Ingot,1,Leather,1,,
Armorsmithing,13,Bronze Armguards,Bronze Plate,1,Copper Ingot,1,,,,
Armorsmithing,14,Reinforced Bronze Hauberk,Bronze Rings,3,Copper Ingot,1,Cotton Cloth,1,,
Armorsmithing,15,Bronze Sallet,Bronze Plate,2,Brass Ingot,1,,,,
Armorsmithing,16,Iron Ingot,Iron Ore,3,,,,,,
Armorsmithing,17,Iron Plate,Iron Ingot,2,,,,,,
Armorsmithing,18,Iron Rings,Iron Ingot,1,,,,,,
Armorsmithing,19,Iron Bracers,Iron Plate,2,Deer Leather,1,,,,
Armorsmithing,19,Iron Round Shield,Iron Plate,2,Ash Lumber,1,,,,
Armorsmithing,20,Iron Chainmail,Iron Rings,2,Linen Cloth,1,,,,
Armorsmithing,20,Iron Chausses,Iron Rings,2,Deer Leather,1,,,,
Armorsmithing,21,Iron Alembic,Iron Plate,2,Brass Ingot,1,,,,
Armorsmithing,21,Iron Helm,Iron Plate,2,Iron Ingot,1,,,,
Armorsmithing,22,Iron Leg Guards,Iron Plate,1,Deer Leather,1,Linen Yarn,1,,
Armorsmithing,23,Iron Hauberk,Iron Rings,2,Deer Leather,1,Linen Cloth,1,,
Armorsmithing,24,Iron Armguards,Iron Plate,1,Bronze Ingot,1,Deer Leather,1,,
Armorsmithing,24,Iron Gauntlets,Iron Plate,1,Iron Ingot,1,Deer Leather,1,,
Armorsmithing,24,Iron Kite Shield,Iron Plate,3,Maple Lumber,1,,,,
Armorsmithing,25,Iron Coif,Iron Rings,1,Bronze Ingot,1,Cotton Cloth,1,,
Armorsmithing,25,Iron Greaves,Iron Plate,1,Iron Ingot,1,Deer Leather,1,,
Armorsmithing,26,Iron Footguards,Iron Plate,1,Bonze Ingot,1,Deer Leather,1,,
Armorsmithing,26,Iron Sallet,Iron Plate,2,Brass Ingot,1,,,,
Armorsmithing,27,Iron Breastplate,Iron Plate,2,Iron Rings,2,Deer Leather,1,,
Armorsmithing,27,Iron Surcoat,Iron Rings,3,Linen Cloth,1,Deer Leather,1,,
Armorsmithing,28,Steel Ingot,Iron Ore,2,Soot,1,,,,
Armorsmithing,29,Steel Plate,Steel Ingot,2,,,,,,
Armorsmithing,29,Steel Rings,Steel Ingot,1,,,,,,
Armorsmithing,29,Steel Scales,Steel Ingot,1,,,,,,
Armorsmithing,30,Steel Alembic,Steel Plate,2,Silver Ingot,1,,,,
Armorsmithing,30,Steel Kite Shield,Steel Plate,2,Bronze Plate,1,Elm Lumber,1,,
Armorsmithing,31,Steel Armguards,Steel Ingot,1,Steel Rings,1,Wolf Leather,1,,
Armorsmithing,31,Steel Bracers,Steel Ingot,1,Steel Scales,1,Wolf Leather,1,,
Armorsmithing,32,Steel Coif,Steel Plate,1,Copper Ingot,1,Steel Rings,1,,
Armorsmithing,32,Steel Greaves,Steel Plate,1,Steel Scales,1,Wolf Leather,1,,
Armorsmithing,33,Steel Sallet,Steel Plate,1,Bronze Plate,1,Wolf Leather,1,,
Armorsmithing,33,Steel Scale Leggings,Steel Scales,2,Wolf Leather,1,,,,
Armorsmithing,33,Steel Sollerets,Steel Plate,1,Steel Rings,1,Wool Cloth,1,,
Armorsmithing,34,Steel Hauberk,Steel Rings,3,Wool Cloth,1,Wolf Leather,1,,
Armorsmithing,34,Steel Scale Harness,Steel Scales,3,Steel Plate,1,Wolf Leather,1,,
Armorsmithing,34,Steel Scale Shirt,Steel Scales,3,Bronze Plate,1,Wolf Leather,1,,
Armorsmithing,35,Steel Scutum,Steel Plate,3,Oak Lumber,1,,,,
Armorsmithing,36,Reinforced Steel Armguards,Steel Plate,1,Steel Rings,1,Wolf Leather,1,,
Armorsmithing,36,Steel Gauntlets,Steel Plate,1,Wolf Leather,1,Wolf Sinew,1,,
Armorsmithing,36,Steel Vambraces,Steel Plate,1,Steel Scales,1,Wolf Leather,1,,
Armorsmithing,37,Decorated Steel Greaves,Steel Plate,1,Bronze Ingot,1,Wolf Leather,1,,
Armorsmithing,37,Decorated Steel Sollerets,Steel Plate,1,Copper Ingot,1,Felt Cloth,1,,
Armorsmithing,37,Steel Sabatons,Steel Plate,1,Copper Ingot,1,Wolf Leather,1,,
Armorsmithing,38,Steel Aventail,Steel Rings,1,Wool Cloth,1,Steel Scales,1,,
Armorsmithing,38,Steel Barbute,Steel Plate,1,Copper Ingot,1,Wolf Leather,1,,
Armorsmithing,38,Steel Bascinet,Steel Plate,1,Steel Ingot,1,Wolf Leather,1,,
Armorsmithing,39,Steel Platemail,Steel Plate,2,Steel Ingot,1,Wolf Leather,1,,
Armorsmithing,39,Steel Scale Mail,Steel Scales,2,Steel Plate,1,Wool Cloth,1,,
Armorsmithing,39,Steel Surcoat,Steel Rings,2,Wool Cloth,1,Wool Yarn,1,,
Armorsmithing,40,Mithral Ingot,Mithral Ore,3,,,,,,
Armorsmithing,42,Mithral Plate,Mithral Ingot,2,,,,,,
Armorsmithing,42,Mithral Rings,Mithral Ingot,1,,,,,,
Armorsmithing,42,Mithral Scales,Mithral Ingot,1,,,,,,
Armorsmithing,43,Mithral Armet,Mithral Plate,2,Bear Leather,1,,,,
Armorsmithing,43,Mithral Aventail,Mithral Rings,1,Velveteen Cloth,1,Mithral Scales,1,,
Armorsmithing,43,Mithral Barbute,Mithral Plate,1,Mithral Ingot,1,Bear Leather,1,,
Armorsmithing,44,Mithral Chausses,Mithral Rings,2,Bear Leather,1,,,,
Armorsmithing,44,Mithral Shield,Mithral Plate,3,Yew Lumber,1,,,,
Armorsmithing,45,Mithral Alembic,Mithral Plate,2,Mithral Ingot,1,,,,
Armorsmithing,45,Mithral Chainmail,Mithral Rings,2,Velveteen Cloth,1,,,,
Armorsmithing,46,Mithral Armguards,Mithral Rings,1,Velveteen Cloth,1,Silk Thread,1,,
Armorsmithing,46,Mithral Bracers,Mithral Plate,1,Mithral Scales,1,Bear Leather,1,,
Armorsmithing,46,Mithral Gauntlets,Mithral Plate,1,Mithral Ingot,1,Bear Leather,1,,
Armorsmithing,47,Mithral Boots,Mithral Rings,1,Velveteen Cloth,1,Mithral Ingot,1,,
Armorsmithing,47,Mithral Greaves,Mithral Plate,1,Bear Leather,1,Velveteen Cloth,1,,
Armorsmithing,47,Mithral Sollerets,Mithral Plate,1,Mithral Scales,1,Bear Leather,1,,
Armorsmithing,48,Mithral Platemail,Mithral Plate,3,Mithral Scales,1,Bear Leather,1,,
Armorsmithing,48,Mithral Scale Mail,Mithral Scales,3,Mithral Plate,1,Bear Leather,1,,
Armorsmithing,48,Mithral Surcoat,Mithral Rings,3,Velveteen Cloth,1,Bear Leather,1,,
Armorsmithing,50,Mithral Kite Shield,Mithral Plate,3,Yew Lumber,2,,,,
Armorsmithing,51,Ornate Mithral Cuirass,Mithral Plate,2,Mithral Ingot,2,Velveteen Cloth,1,Bear Leather,1
Armorsmithing,51,Ornate Mithral Hauberk,Mithral Rings,3,Velveteen Cloth,2,Bear Leather,1,,
Armorsmithing,51,Ornate Mithral Scale Mail,Mithral Plate,2,Mithral Scales,2,Mithral Ingot,1,Bear Leather,1
Armorsmithing,52,Ornate Mithral Armguards,Mithral Rings,2,Velveteen Cloth,1,Bear Leather,1,,
Armorsmithing,52,Ornate Mithral Vambraces,Mithral Plate,2,Mithral Ingot,1,Bear Leather,1,,
Armorsmithing,53,Ornate Mithral Bracers,Mithral Scales,2,Mithral Ingot,1,Bear Leather,1,,
Armorsmithing,53,Ornate Mithral Sollerets,Mithral Plate,2,Bear Leather,1,Bear Sinew,1,,
Armorsmithing,54,Ornate Mithral Boots,Mithral Rings,2,Bear Leather,1,Velveteen Cloth,1,Beeswax,1
Armorsmithing,54,Ornate Mithral Greaves,Mithral Plate,1,Mithral Ingot,1,Bear Leather,1,Beeswax,1
Armorsmithing,55,Ornate Mithral Aventail,Mithral Rings,1,Velveteen Cloth,1,Mithral Scales,1,Silk Thread,1
Armorsmithing,55,Ornate Mithral Barbute,Mithral Plate,1,Mithral Ingot,2,Bear Leather,1,,
Armorsmithing,55,Ornate Mithral Helm,Mithral Plate,1,Mithral Ingot,2,Bear Leather,1,,
Armorsmithing,56,Blackiron Ingot,Blackiron Ore,2,Iron Ore,1,,,,
Armorsmithing,57,Blackiron Plate,Blackiron Ingot,1,,,,,,
Armorsmithing,57,Blackiron Rings,Blackiron Ingot,1,,,,,,
Armorsmithing,57,Blackiron Scales,Blackiron Ingot,1,,,,,,
Armorsmithing,59,Blackiron Alembic,Blackiron Plate,2,Electrum Ingot,1,,,,
Armorsmithing,60,Blackiron Aventail,Blackiron Rings,2,Silk Cloth,1,Black Pearl,1,,
Armorsmithing,60,Blackiron Heaume,Blackiron Plate,2,Blackiron Ingot,1,Aberrant Leather,1,,
Armorsmithing,60,Blackiron Helm,Blackiron Plate,1,Blackiron Ingot,2,Aberrant Leather,1,,
Armorsmithing,60,Greater Defense Armor Kit,Blackiron Plate,2,Aberrant Leather,1,Aberrant Sinew,1,Major Fortification Potion,3
Armorsmithing,60,Greater Hit Points Armor Kit,Blackiron Rings,4,Aberrant Leather,1,Silk Thread,1,Major Fortification Potion,3
Armorsmithing,61,Blackiron Armor,Blackiron Plate,2,Blackiron Ingot,1,Aberrant Leather,1,Aberrant Sinew,1
Armorsmithing,61,Blackiron Scale Mail,Blackiron Scales,2,Blackiron Plate,1,Aberrant Leather,1,Aberrant Sinew,1
Armorsmithing,61,Blackiron Surcoat,Blackiron Rings,2,Silk Cloth,2,Silk Thread,1,,
Armorsmithing,61,Blackiron Tower Shield,Blackiron Plate,2,Blackiron Ingot,3,,,,
Armorsmithing,62,Blackiron Chainmail,Blackiron Rings,2,Silk Cloth,1,,,,
Armorsmithing,62,Blackiron Chausses,Blackiron Rings,2,Aberrant Leather,1,,,,
Armorsmithing,63,Blackiron Boots,Blackiron Rings,1,Blackiron Scales,1,Aberrant Leather,1,Beeswax,1
Armorsmithing,63,Blackiron Greaves,Blackiron Plate,1,Blackiron Scales,1,Aberrant Leather,1,Beeswax,1
Armorsmithing,63,Blackiron Sabatons,Blackiron Plate,2,Aberrant Leather,1,Beeswax,1,,
Armorsmithing,64,Blackiron Armguards,Blackiron Rings,2,Silk Cloth,1,Aberrant Leather,1,,
Armorsmithing,64,Blackiron Bracers,Blackiron Plate,1,Blackiron Scales,1,Aberrant Leather,2,,
Armorsmithing,64,Blackiron Bracers,Blackiron Plate,2,Blackiron Ingot,1,Aberrant Leather,1,,
Armorsmithing,65,Blackiron Kite Shield,Blackiron Plate,2,Electrum Ingot,2,Walnut Lumber,1,,
Armorsmithing,65,Gilded Blackiron Armguards,Blackiron Rings,2,Silk Cloth,1,Electrum Ingot,1,,
Armorsmithing,65,Gilded Blackiron Boots,Blackiron Rings,1,Electrum Ingot,1,Aberrant Leather,1,Beeswax,1
Armorsmithing,65,Gilded Blackiron Bracers,Blackiron Scales,2,Electrum Ingot,1,Blackiron Plate,1,,
Armorsmithing,65,Gilded Blackiron Gauntlets,Blackiron Plate,2,Electrum Ingot,1,Aberrant Leather,1,,
Armorsmithing,65,Gilded Blackiron Greaves,Blackiron Plate,1,Electrum Ingot,1,Aberrant Leather,1,Beeswax,1
Armorsmithing,65,Gilded Blackiron Sabatons,Blackiron Plate,1,Electrum Ingot,1,Aberrant Leather,1,Beeswax,1
Armorsmithing,65,Gilded Blackiron Hauberk,Blackiron Rings,2,Silk Cloth,2,Electrum Ingot,1,Aberrant Leather,1
Armorsmithing,66,Gilded Blackiron Platemail,Blackiron Plate,2,Electrum Ingot,1,Emerald,2,Aberrant Leather,1
Armorsmithing,66,Gilded Blackiron Scale Mail,Blackiron Scales,2,Electrum Ingot,2,Aberrant Leather,1,Aberrant Sinew,1
Armorsmithing,67,Gilded Blackiron Barbute,Blackiron Plate,1,Electrum Ingot,2,Aberrant Leather,1,,
Armorsmithing,67,Gilded Blackiron Helm,Blackiron Plate,1,Beast Horn,2,Electrum Ingot,1,,
Armorsmithing,67,Gilded Blackiron Mitre,Blackiron Rings,1,Electrum Ingot,1,Silk Cloth,1,Aberrant Leather,1
Armorsmithing,68,Adamantine Ingot,Adamantine Ore,3,,,,,,
Armorsmithing,69,Adamantine Plate,Adamantine Ingot,2,,,,,,
Armorsmithing,69,Adamantine Rings,Adamantine Ingot,1,,,,,,
Armorsmithing,69,Adamantine Scales,Adamantine Ingot,1,,,,,,
Armorsmithing,70,Adamantine Alembic,Adamantine Plate,2,Raw Gold Ingot,1,,,,
Armorsmithing,70,Adamantine Armguards,Adamantine Rings,2,Raw Gold Ingot,1,Drake Leather,1,Shimmerweave Thread,1
Armorsmithing,70,Adamantine Bascinet,Adamantine Plate,1,Adamantine Ingot,1,Raw Gold Ingot,2,,
Armorsmithing,70,Adamantine Boots,Adamantine Rings,1,Raw Gold Ingot,1,Drake Leather,2,Shimmerweave Cloth,1
Armorsmithing,70,Adamantine Bracers,Adamantine Plate,2,Raw Gold Ingot,2,Drake Leather,1,,
Armorsmithing,70,Adamantine Chainmail,Adamantine Rings,2,Shimmerweave Cloth,1,Shimmerweave Thread,1,,
Armorsmithing,70,Adamantine Chausses,Adamantine Rings,2,Drake Leather,1,Shimmerweave Thread,1,,
Armorsmithing,70,Adamantine Cuirass,Adamantine Plate,2,Raw Gold Ingot,1,Emerald,2,Shimmerweave Cloth,1
Armorsmithing,70,Adamantine Greaves,Adamantine Plate,2,Raw Gold Ingot,2,Drake Leather,1,,
Armorsmithing,70,Adamantine Mitre,Adamantine Rings,1,Raw Gold Ingot,1,Shimmerweave Cloth,1,Drake Leather,1
Armorsmithing,70,Adamantine Parade Helm,Adamantine Plate,2,Raw Gold Ingot,2,,,,
Armorsmithing,70,Adamantine Scale Mail,Adamantine Scales,2,Raw Gold Ingot,3,Drake Leather,1,Drake Sinew,1
Armorsmithing,70,Adamantine Scutm,Adamantine Plate,2,Raw Gold Ingot,2,Oak Lumber,1,,
Armorsmithing,70,Adamantine Sollerets,Adamantine Plate,2,Raw Gold Ingot,1,Drake Leather,1,Drake Sinew,1
Armorsmithing,70,Adamantine Surcoat,Adamantine Rings,2,Raw Gold Ingot,1,Silk Cloth,2,Drake Leather,1
Armorsmithing,70,Adamantine Vambraces,Adamantine Plate,2,Raw Gold Ingot,1,Drake Leather,1,Drake Sinew,1
Armorsmithing,70,Oak Trunk,Oak Lumber,5,Iron Ingot,2,Iron Nails,1,,
Armorsmithing,70,Pair of Oak Trunks,Oak Lumber,10,Iron Ingot,4,Iron Nails,2,,
Armorsmithing,70,Major Defense Armor Kit,Adamantine Plate,2,Drake Leather,1,Drake Sinew,1,Enhanced Superior Fortification Potion,3
Armorsmithing,70,Major Hit Points Armor Kit,Adamantine Rings,4,Drake Leather,1,Shimmerweave Thread,1,Enhanced Superior Fortification Potion,3
Artificing,1,Maple Lumber,Maple Log,3,,,,,,
Artificing,2,Rag Paper,Cotton Boll,2,,,,,,
Artificing,5,Simple Index,Pauper's Ink,1,Rag Paper,1,,,,
Artificing,6,Maple Bucket,Maple Lumber,2,Bronze Ingot,1,Bone Glue,1,,
Artificing,9,Maple Picatrix,Maple Lumber,1,Rag Paper,1,Pauper's Ink,1,,
Artificing,16,Ash Lumber,Ash Log,3,,,,,,
Artificing,17,Cypren Index,Pauper's Ink,1,Copper Sand,1,Rag Paper,1,,
Artificing,19,Ash Crossbow,Ash Lumber,2,Iron Ingot,1,Deer Sinew,1,,
Artificing,21,Ash Picatrix,Ash Lumber,1,Rag Paper,1,Pauper's Ink,1,Copper Sand,1
Artificing,22,Ash Bucket,Ash Lumber,2,Iron Ingot,1,Antler Glue,1,,
Artificing,28,Elm Lumber,Elm Log,3,,,,,,
Artificing,28,Scribe's Parchment,Elm Log,1,Flax,2,,,,
Artificing,29,Argent Index,Pauper's Ink,1,Silver Sand,1,Scribe's Parchment,1,,
Artificing,30,Elm Crossbow,Elm Lumber,2,Steel Ingot,1,Wolf Sinew,1,,
Artificing,33,Elm Picatrix,Elm Lumber,1,Scribe's Parchment,1,Pauper's Ink,1,Silver Sand,1
Artificing,34,Elm Bucket,Elm Lumber,2,Steel Ingot,1,Antler Glue,1,,
Artificing,41,Yew Lumber,Yew Log,3,,,,,,
Artificing,42,Mithrus Index,Parchment,1,Pauper's Ink,1,Mithral Sand,1,,
Artificing,42,Parchment,Yew Log,1,Elm Log,1,Flax,2,,
Artificing,43,Yew Crossbow,Yew Lumber,2,Mithral Ingot,1,Bear Sinew,1,,
Artificing,47,Yew Picatrix,Yew Lumber,1,Parchment,1,Pauper's Ink,1,Mithral Sand,1
Artificing,48,Yew Bucket,Yew Lumber,2,Mithral Ingot,1,Fish Glue,1,,
Artificing,56,Walnut Lumber,Walnut Log,3,,,,,,
Artificing,57,Amber Index,Parchment,1,Pauper's Ink,1,Electrum Sand,1,,
Artificing,58,Walnut Bucket,Walnut Lumber,2,Blackiron Ingot,1,Fish Glue,1,,
Artificing,59,Walnut Crossbow,Walnut Lumber,2,Blackiron Ingot,1,Aberrant Sinew,1,,
Artificing,60,Greater Recovery Armor Kit,Amber Index,1,Silk Cloth,1,Silk Thread,1,Major Tidespan Potion,
Artificing,62,Walnut Picatrix,Walnut Lumber,1,Parchment,1,Pauper's Ink,1,Electrum Sand,1
Artificing,68,Oak Lumber,Oak Log,3,,,,,,
Artificing,69,Aureus Index,Fine Parchment,1,Black Ink,1,Gold Sand,1,,
Artificing,69,Fine Parchment,Oak Lumber,1,Walnut Lumber,1,Flax,1,,
Artificing,70,Oak Bucket,Oak Lumber,2,Adamantine Ingot,1,Horn Glue,1,,
Artificing,70,Oak Crossbow,Oak Lumber,2,Adamantine Ingot,1,Drake Sinew,1,,
Artificing,70,Oak Picatrix,Oak Lumber,1,Fine Parchment,1,Black Ink,1,Gold Sand,1
Artificing,70,Major Recovery Armor Kit,Aureus Index,1,Shimmerweave Cloth,1,Shimmerweave Thread,1,Enhanced Superior Tidespan Potion,3
Jewelcrafting,1,Copper Ingot,Copper Ore,3,,,,,,
Jewelcrafting,2,Sandstone Whetstone,Sandstone,2,,,,,,
Jewelcrafting,10,Bone Needle,Animal Bone ,1,Sandstone Whetstone,1,,,,
Jewelcrafting,16,Brass Ingot,Copper Ore,2,Zinc Ore,1,,,,
Jewelcrafting,22,Brass Needle,Brass Ingot,1,Sandstone Whetstone,1,,,,
Jewelcrafting,28,Silver Ingot,Silver Ore,3,,,,,,
Jewelcrafting,29,Siltstone Whetstone,Siltstone,2,,,,,,
Jewelcrafting,31,Silver Needle,Silver Ingot,1,Silver Whetstone,1,,,,
Jewelcrafting,41,Mithral Ingot,Mithral Ore,3,,,,,,
Jewelcrafting,44,Horn Needle,Beast Horn,1,Siltstone Whetstone,2,,,,
Jewelcrafting,49,Mudstone Whetstone,Mudstone,3,,,,,,
Jewelcrafting,56,Electrum Ingot,Electrum Ore,3,,,,,,
Jewelcrafting,60,Electrum Needle,Electrum Ingot,1,Mudstone Whetstone,2,,,,
Jewelcrafting,60,Greater Action Point Gain Jewel,Black Opal,2,Aureus Index,1,Horn Glue,1,,
Jewelcrafting,60,Greater Regeneration Jewel,Drake Horn,2,Aureus Index,1,Horn Glue,1,,
Jewelcrafting,60,Greater Stamina Regeneration Jewel,Raw Gold Ingot,2,Aureus Index,1,Horn Glue,1,,
Jewelcrafting,65,Flawless Sapphire,Raw Sapphire,3,Mudstone Whetstone,1,,,,
Jewelcrafting,68,Slate Whetstone,Slate,3,,,,,,
Jewelcrafting,69,Black Opal,Raw Black Opal,3,Slate Whetstone,1,,,,
Jewelcrafting,69,Raw Gold Ingot,Gold Sand,4,,,,,,
Jewelcrafting,70,Gold Needle,Raw Gold Ingot,1,Slate Whetstone,2,,,,
Jewelcrafting,70,Major Action Point Gain Jewel,Black Opal,2,Aureus Index,1,Horn Glue,1,,
Jewelcrafting,70,Major Regeneration Jewel,Drake Horn,2,Aureus Index,1,Horn Glue,1,,
Jewelcrafting,70,Major Stamina Regeneration Jewel,Raw Gold Ingot,1,Aureus Index,1,Horn Glue,1,,
Leatherworking,1,Leather,Animal Hide,3,,,,,,
Leatherworking,16,Deer Leather,Deer Skin,2,Sword Coast Tea Leaves,1,,,,
Leatherworking,28,Wolf Leather,Wolf Hide,2,Sword Coast Tea Leaves,1,,,,
Leatherworking,41,Bear Leather,Bear Hide,2,Bearberry,1,,,,
Leatherworking,56,Aberrant Leather,Aberrant Hide,2,Bearberry,1,,,,
Leatherworking,60,Greater Critical Strike Armor Kit,Aberrant Leather,4,Silk Cloth,1,Aberrant Sinew,1,Enhanced Superior Potion of Accuracy,3
Leatherworking,60,Greater Deflection Armor Kit,Aberrant Leather,4,Blackiron Rings,1,Aberrant Sinew,1,Major Potion of Reflexes,3
Leatherworking,68,Drake Leather,Drake Hide,2,Oak Log,1,,,,
Leatherworking,70,Major Critical Strike Armor Kit,Drake Leather,4,Shimmerweave Cloth,1,Drake Sinew,1,Enhanced Superior Potion of Accuracy,
Leatherworking,70,Major Deflection Armor Kit,Drake Leather,4,Adamantine Rings,1,Drake Sinew,1,Enhanced Superior Potion of Reflexes,
Tailoring,1,Cotton Yarn,Cotton Boll,3,,,,,,
Tailoring,2,Cotton Cloth,Cotton Yarn,2,,,,,,
Tailoring,7,Cotton Net,Cotton Yarn,3,Maple Lumber,1,,,,
Tailoring,16,Linen Yarn,Flax,3,,,,,,
Tailoring,17,Linen Cloth,Linen Yarn,2,,,,,,
Tailoring,19,Linen Net,Linen Yarn,3,Ash Lumber,1,,,,
Tailoring,28,Wool Yarn,Fleece,3,,,,,,
Tailoring,29,Wool Cloth,Wool Yarn,2,,,,,,
Tailoring,34,Wool Net,Wool Yarn,3,Elm Lumber,1,,,,
Tailoring,35,Felt Cloth,Fleece,4,Natron,2,,,,
Tailoring,41,Silk Thread,Foraged Cocoon,3,,,,,,
Tailoring,42,Sturdy Wool Net,Wool Yarn,3,Yew Lumber,1,,,,
Tailoring,42,Velveteen Cloth,Cotton Yarn,1,Silk Thread,1,,,,
Tailoring,57,Silk Cloth,Silk Thread,2,,,,,,
Tailoring,58,Silk Net,Silk Thread,3,Walnut Lumber,1,,,,
Tailoring,60,Greater Armor Penetration Armor Kit,Silk Cloth,2,Aberrant Leather,1,Blackiron Scales,1,Major Potion of Accuracy,
Tailoring,60,Greater Life Steal Armor Kit,Silk Cloth,2,Aberrant Blood,4,Silk Thread,1,Major Tidespan Potion,3
Tailoring,68,Shimmerweave Thread,Shimmerweed,3,,,,,,
Tailoring,69,Shimmerweave Cloth,Shimmerweave Thread,2,,,,,,
Tailoring,70,Shimmerweave Net,Shimmerweave Thread,3,Oak Lumber,1,,,,
Tailoring,70,Major Armor Penetration Armor Kit,Shimmerweave Cloth,2,Drake Leather,1,Adamantine Scales,1,Enhanced Superior Potion of Accuracy,3
Tailoring,70,Major Life Steal Armor Kit,Shimmerweave Cloth,2,Aberrant Blood,4,Shimmerweave Thread,1,Enhanced Superior Tidespan Potion,3
Blacksmithing,1,Bronze Ingot,Copper Ore,2,Tin Ore,1,,,,
Blacksmithing,3,Bronze Hatchet,Bronze Ingot,2,Maple Lumber,1,Bone Glue,1,,
Blacksmithing,6,Bronze Cross-pein Hammer,Bronze Ingot,2,Maple Lumber,1,Leather,1,,
Blacksmithing,7,Bronze Pickaxe,Bronze Ingot,2,Copper Ingot,1,Maple Lumber,1,,
Blacksmithing,7,Bronze Raising Hammer,Bronze Ingot,2,Maple Lumber,1,Cotton Cloth,1,,
Blacksmithing,9,Bronze File,Bronze Ingot,2,Cotton Cloth,1,,,,
Blacksmithing,10,Bronze Round Knife,Bronze Ingot,1,Leather,1,Bone Glue,1,Sandstone Whetstone,1
Blacksmithing,10,Bronze Scythe,Bronze Ingot,2,Maple Lumber,1,Sandstone Whetstone,1,,
Blacksmithing,16,Iron Ingot,Iron Ore,3,,,,,,
Blacksmithing,17,Iron Cross-pein Hammer,Iron Ingot,2,Maple Lumber,1,Linen Cloth,1,Bone Glue,1
Blacksmithing,18,Iron Round Knife,Iron Ingot,1,Ash Lumber,1,Sandstone Whetstone,1,Linseed Oil,1
Blacksmithing,18,Iron Scythe,Iron Ingot,2,Maple Lumber,1,Sandstone Whetstone,1,Linseed Oil,1
Blacksmithing,19,Iron Raising Hammer,Iron Ingot,2,Ash Lumber,1,Deer Leather,1,Antler Glue,1
Blacksmithing,20,Iron Pickaxe,Iron Ingot,3,Ash Lumber,1,Deer Leather,1,,
Blacksmithing,21,Iron File,Iron Ingot,3,Deer Leather,1,Antler Glue,1,,
Blacksmithing,22,Iron Hatchet,Iron Ingot,2,Ash Lumber,1,Antler Glue,1,Linseed Oil,1
Blacksmithing,28,Steel Ingot,Iron Ore,2,Soot,1,,,,
Blacksmithing,29,Steel Round Knife,Steel Ingot,1,Wolf Leather,1,Siltstone Whetstone,1,Linseed Oil,1
Blacksmithing,30,Steel Pickaxe,Steel Ingot,3,Elm Lumber,1,Wolf Leather,1,,
Blacksmithing,32,Steel Cross-pein Hammer,Steel Ingot,2,Elm Lumber,1,Deer Leather,1,Antler Glue,1
Blacksmithing,32,Steel Scythe,Steel Ingot,2,Elm Lumber,1,Siltstone Whetstone,1,Antler Glue,1
Blacksmithing,33,Steel Raising Hammer,Steel Ingot,2,Elm Lumber,1,Wolf Leather,1,Linseed Oil,1
Blacksmithing,34,Steel File,Steel Ingot,3,Wolf Leather,1,Antler Glue,1,,
Blacksmithing,34,Steel Hatchet,Steel Ingot,2,Elm Lumber,1,Antler Glue,1,Linseed Oil,1
Blacksmithing,41,Mithral Ingot,Mithral Ore,3,,,,,,
Blacksmithing,42,Mithral Raising Hammer,Mithral Ingot,2,Elm Lumber,1,Bear Leather,1,Fish Glue,1
Blacksmithing,43,Mithral Round Knife,Mithral Ingot,1,Yew Lumber,1,Siltstone Whetstone,1,Fish Oil,1
Blacksmithing,44,Mithral File,Mithral Ingot,3,Bear Leather,1,Fish Glue,1,,
Blacksmithing,45,Mithral Cross-pein Hammer,Mithral Ingot,2,Yew Lumber,1,Bear Leather,1,Fish Glue,1
Blacksmithing,46,Mithral Pickaxe,Mithral Ingot,3,Yew Lumber,1,Bear Leather,1,,
Blacksmithing,48,Mithral Hatchet,Mithral Ingot,2,Yew Lumber,1,Fish Glue,1,Fish Oil,1
Blacksmithing,48,Mithral Scythe,Steel Ingot,2,Yew Lumber,1,Siltstone Whetstone,1,Fish Oil,1
Blacksmithing,56,Blackiron Ingot,Blackiron Ore,2,Iron Ore,1,,,,
Blacksmithing,57,Blackiron Cross-pein Hammer,Blackiron Ingot,2,Walnut Lumber,1,Velveteen Cloth,1,Fish Glue,1
Blacksmithing,57,Blackiron Scythe,Blackiron Ingot,2,Walnut Lumber,1,Fish Oil,1,Mudstone Whetstone,1
Blacksmithing,58,Blackiron Hatchet,Blackiron Ingot,2,Walnut Lumber,1,Horn Glue,1,Fish Oil,1
Blacksmithing,59,Blackiron Pickaxe,Blackiron Ingot,3,Walnut Lumber,1,Aberrant Leather,1,,
Blacksmithing,60,Blackiron File,Blackiron Ingot,3,Aberrant Leather,1,Horn Glue,1,,
Blacksmithing,60,Greater Power Armor Kit,Blackiron Ingot,4,Aberrant Leather,1,Aberrant Sinew,1,Major Potion of Force,
Blacksmithing,61,Blackiron Round Knife,Blackiron Ingot,1,Aberrant Leather,1,Mudstone Whetstone,1,Fish Oil,1
Blacksmithing,62,Blackiron Raising Hammer,Blackiron Ingot,2,Walnut Lumber,1,Aberrant Leather,1,Fish Oil,1
Blacksmithing,68,Adamantine Ingot,Adamantine Ore,3,,,,,,
Blacksmithing,70,Adamantine Cross-Pein Hammer,Adamantine Ingot,2,Oak Lumber,1,Shimmerweave Cloth,2,Horn Glue,1
Blacksmithing,70,Adamantine File,Adamantine Ingot,3,Drake Leather,1,Horn Glue,1,,
Blacksmithing,70,Adamantine Hatchet,Adamantine Ingot,2,Oak Lumber,1,Horn Glue,1,Fish Oil,1
Blacksmithing,70,Adamantine Pickaxe,Adamantine Ingot,3,Oak Lumber,1,Drake Leather,1,,
Blacksmithing,70,Adamantine Raising Hammer,Adamantine Ingot,2,Oak Lumber,1,Drake Leather,1,Horn Glue,1
Blacksmithing,70,Adamantine Round Knife,Adamantine Ingot,2,Drake Leather,1,Slate Whetstone,1,Fish Oil,1
Blacksmithing,70,Adamantine Scythe,Adamantine Ingot,2,Oak Lumber,1,Fish Oil,1,Slate Whetstone,1
Blacksmithing,70,Major Power Armor Kit,Adamantine Ingot,4,Drake Leather,1,Drake Sinew,1,Enhanced Superior Potion of Force,3
Profession Vendor,,Sandstone Whetstone,,,,,,,,
Profession Vendor,,Siltstone,,,,,,,,
Profession Vendor,,Rock Salt,,,,,,,,
Profession Vendor,,Sandstone Whetstone,,,,,,,,
Profession Vendor,,Siltstone Whetstone,,,,,,,,
Profession Vendor,,Copper Ore,,,,,,,,
Profession Vendor,,Tin Ore,,,,,,,,
Profession Vendor,,Zinc Ore,,,,,,,,
Profession Vendor,,Iron Ore,,,,,,,,
Profession Vendor,,Silver Ore,,,,,,,,
Profession Vendor,,Copper Sand,,,,,,,,
Profession Vendor,,Silver Sand,,,,,,,,
Profession Vendor,,Copper Ingot,,,,,,,,
Profession Vendor,,Bronze Ingot,,,,,,,,
Profession Vendor,,Brass Ingot,,,,,,,,
Profession Vendor,,Iron Ingot,,,,,,,,
Profession Vendor,,Steel Ingot,,,,,,,,
Profession Vendor,,Silver Ingot,,,,,,,,
Profession Vendor,,Bronze Plate,,,,,,,,
Profession Vendor,,Iron Plate,,,,,,,,
Profession Vendor,,Steel Plate,,,,,,,,
Profession Vendor,,Bronze Rings,,,,,,,,
Profession Vendor,,Iron Rings,,,,,,,,
Profession Vendor,,Steel Rings,,,,,,,,
Profession Vendor,,Steel Scales,,,,,,,,
Profession Vendor,,Maple Log,,,,,,,,
Profession Vendor,,Ash Log,,,,,,,,
Profession Vendor,,Elm Log,,,,,,,,
Profession Vendor,,Maple Lumber,,,,,,,,
Profession Vendor,,Ash Lumber,,,,,,,,
Profession Vendor,,Elm Lumber,,,,,,,,
Profession Vendor,,Cotton Boll,,,,,,,,
Profession Vendor,,Flax,,,,,,,,
Profession Vendor,,Fleece,,,,,,,,
Profession Vendor,,Cotton Yarn,,,,,,,,
Profession Vendor,,Linen Yarn,,,,,,,,
Profession Vendor,,Wool Yarn,,,,,,,,
Profession Vendor,,Cotton Cloth,,,,,,,,
Profession Vendor,,Linen Cloth,,,,,,,,
Profession Vendor,,Wool Cloth,,,,,,,,
Profession Vendor,,Animal Hide,,,,,,,,
Profession Vendor,,Deer Skin,,,,,,,,
Profession Vendor,,Wolf Hide,,,,,,,,
Profession Vendor,,Leather,,,,,,,,
Profession Vendor,,Deer Leather,,,,,,,,
Profession Vendor,,Wolf Leather,,,,,,,,
Profession Vendor,,Animal Sinew,,,,,,,,
Profession Vendor,,Deer Sinew,,,,,,,,
Profession Vendor,,Wolf Sinew,,,,,,,,
Profession Vendor,,Animal Bone,,,,,,,,
Profession Vendor,,Beast Fang,,,,,,,,
Profession Vendor,,Deer Antler,,,,,,,,
Profession Vendor,,Well Water,,,,,,,,
Profession Vendor,,Soot,,,,,,,,
Profession Vendor,,Nettle,,,,,,,,
Profession Vendor,,Toadstool,,,,,,,,
Profession Vendor,,Maple Sap,,,,,,,,
Profession Vendor,,Beast Blood,,,,,,,,
Profession Vendor,,Rhubarb,,,,,,,,
Profession Vendor,,Aegwyrt,,,,,,,,
Profession Vendor,,Nerium,,,,,,,,
Profession Vendor,,Nightshade,,,,,,,,
Profession Vendor,,Tarantula,,,,,,,,
Profession Vendor,,Stilled Water,,,,,,,,
Profession Vendor,,Bone Glue,,,,,,,,
Profession Vendor,,Pauper's Ink,,,,,,,,
Profession Vendor,,Linseed Oil,,,,,,,,
Profession Vendor,,Antler Glue,,,,,,,,
Profession Vendor,,Rag Paper,,,,,,,,
Profession Vendor,,Scribe's Parchment,,,,,,,,
Profession Vendor,,Simple Index,,,,,,,,
Profession Vendor,,Cypren Index,,,,,,,,
Profession Vendor,,Argent Index,,,,,,,,
Gathering,1,Copper Ore,,,,,,,,
Gathering,1,Well Water,,,,,,,,
Gathering,2,Animal Hide,,,,,,,,
Gathering,2,Soot,,,,,,,,
Gathering,3,Cotton Boll,,,,,,,,
Gathering,3,Sandstone,,,,,,,,
Gathering,4,Maple Log,,,,,,,,
Gathering,4,Tin Ore,,,,,,,,
Gathering,5,Animal Bone,,,,,,,,
Gathering,5,Nettle,,,,,,,,
Gathering,6,Animal Sinew,,,,,,,,
Gathering,7,Toadstool,,,,,,,,
Gathering,9,Maple Sap,,,,,,,,
Gathering,10,Zinc Ore,,,,,,,,
Gathering,11,Beast Fang,,,,,,,,
Gathering,13,Flax,,,,,,,,
Gathering,14,Copper Sand,,,,,,,,
Gathering,15,Beast Blood,,,,,,,,
Gathering,15,Sword Coast Tea Leaves,,,,,,,,
Gathering,16,Deer Skin,,,,,,,,
Gathering,17,Rhubarb,,,,,,,,
Gathering,18,Iron Ore,,,,,,,,
Gathering,19,Ash Log,,,,,,,,
Gathering,19,Deer Sinew,,,,,,,,
Gathering,20,Aegwyrt,,,,,,,,
Gathering,21,Deer Antler,,,,,,,,
Gathering,22,Nerium,,,,,,,,
Gathering,23,Nightshade,,,,,,,,
Gathering,24,Whitelip Oyster,,,,,,,,
Gathering,26,Tarantula,,,,,,,,
Gathering,27,Siltstone,,,,,,,,
Gathering,28,Fleece,,,,,,,,
Gathering,29,Rock Salt,,,,,,,,
Gathering,30,Silver Ore,,,,,,,,
Gathering,30,Silver Sand,,,,,,,,
Gathering,31,Elm Log,,,,,,,,
Gathering,32,Wolf Hide,,,,,,,,
Gathering,32,Wolf Sinew,,,,,,,,
Gathering,33,Sweetgale,,,,,,,,
Gathering,34,Raw Amethyst,,,,,,,,
Gathering,36,Fish Bones,,,,,,,,
Gathering,36,Natron,,,,,,,,
Gathering,37,Beehive Chip,,,,,,,,
Gathering,38,Raw Peridot,,,,,,,,
Gathering,39,Yew Log,,,,,,,,
Gathering,40,Bear Hide,,,,,,,,
Gathering,40,Bear Sinew,,,,,,,,
Gathering,41,Bearberry,,,,,,,,
Gathering,42,Mithral Ore,,,,,,,,
Gathering,43,Cinnabar,,,,,,,,
Gathering,43,Fowl Feather,,,,,,,,
Gathering,44,Blacklip Oyster,,,,,,,,
Gathering,44,Foraged Cocoon,,,,,,,,
Gathering,45,Mithral Sand,,,,,,,,
Gathering,46,Wolfsbane,,,,,,,,
Gathering,47,Adder,,,,,,,,
Gathering,48,Mudstone,,,,,,,,
Gathering,49,Demon's Trumpet,,,,,,,,
Gathering,50,Chamomile,,,,,,,,
Gathering,51,Pennyroyal,,,,,,,,
Gathering,52,Raw Aquamarine,,,,,,,,
Gathering,53,Iron Sand,,,,,,,,
Gathering,54,River Trout,,,,,,,,
Gathering,55,Electrum Ore,,,,,,,,
Gathering,55,Electrum Sand,,,,,,,,
Gathering,56,Aberrant Hide,,,,,,,,
Gathering,56,Beast Horn,,,,,,,,
Gathering,57,Aberrant Sinew,,,,,,,,
Gathering,57,Sugar Beet,,,,,,,,
Gathering,58,Aberrant Bone,,,,,,,,
Gathering,59,Deva's Trumpet,,,,,,,,
Gathering,59,Walnut Trumpet,,,,,,,,
Gathering,60,Blackiron Ore,,,,,,,,
Gathering,61,Aberrant Blood,,,,,,,,
Gathering,61,Spring Water,,,,,,,,
Gathering,62,Raw Emerald,,,,,,,,
Gathering,63,Woodlily,,,,,,,,
Gathering,65,Death Cap,,,,,,,,
Gathering,65,Raw Sapphire,,,,,,,,
Gathering,66,Belladona,,,,,,,,
Gathering,67,Brown Scorpion,,,,,,,,
Gathering,68,Myrrh Branch,,,,,,,,
Gathering,68,Slate Whetstone,,,,,,,,
Gathering,69,Drake Sinew,,,,,,,,
Gathering,69,Gold Sand,,,,,,,,
Gathering,69,Volcanic Salt,,,,,,,,
Gathering,70,Adamantine Ore,,,,,,,,
Gathering,70,Drake Hide,,,,,,,,
Gathering,70,Drake Horn,,,,,,,,
Gathering,70,Oak Log,,,,,,,,
Gathering,70,Raw Black Opal,,,,,,,,
Gathering,70,Shimmerweed,,,,,,,,
Gathering,70,Wild Mint,,,,,,,,
Gathering,70,Crate of Astral Diamonds,,,,,,,,
